id,line,from,to,goWork,leaveWork,lineCount
0,1호선,가능역,녹양역,1,1,1
1,1호선,가능역,의정부역,1,0.943333333,1
2,1호선,가산디지털단지역,구로역,1.333333333,1.056666667,2
3,1호선,가산디지털단지역,독산역,1.39,1.61,2
4,1호선,간석역,동암역,1,1,1
5,1호선,간석역,주안역,1,1,1
6,1호선,개봉역,구일역,2.556666667,1,1
7,1호선,개봉역,오류동역,1,1.89,1
8,1호선,관악역,석수역,1.776666667,1.223333333,1
9,1호선,관악역,안양역,1.166666667,1.776666667,1
10,1호선,광명역,광명역,0,0,1
11,1호선,광운대역,석계역,1.39,1,1
12,1호선,광운대역,월계역,1,1,1
13,1호선,구로역,구일역,1.28,1.996666667,1
14,1호선,구로역,신도림역,2.556666667,1.223333333,1
15,1호선,구일역,개봉역,1,2.276666667,1
16,1호선,구일역,구로역,2.886666667,1,1
17,1호선,군포역,금정역,1.61,1.11,1
18,1호선,군포역,당정역,1,1.553333333,1
19,1호선,금정역,군포역,1.11,1.556666667,2
20,1호선,금정역,명학역,1.666666667,1.223333333,2
21,1호선,금천구청역,광명역,1.056666667,1.056666667,1
22,1호선,금천구청역,독산역,1.386666667,1.056666667,1
23,1호선,남영역,서울역,2.386666667,1.11,1
24,1호선,남영역,용산역,1.166666667,1.666666667,1
25,1호선,노량진역,대방역,1.166666667,1.556666667,2
26,1호선,노량진역,용산역,2.39,1.11,2
27,1호선,녹양역,가능역,1,0.666666667,1
28,1호선,녹양역,양주역,0.943333333,1,1
29,1호선,녹천역,월계역,1.223333333,1,1
30,1호선,녹천역,창동역,1,1.113333333,1
31,1호선,당정역,군포역,1.61,1.223333333,1
32,1호선,당정역,의왕역,1,1.556666667,1
33,1호선,대방역,노량진역,2.333333333,1.056666667,1
34,1호선,대방역,신길역,1.166666667,1.666666667,1
35,1호선,덕계역,덕정역,0.943333333,1,1
36,1호선,덕계역,양주역,1,0.556666667,1
37,1호선,덕정역,덕계역,0.776666667,0.28,1
38,1호선,덕정역,지행역,0.723333333,1,1
39,1호선,도봉산역,도봉역,1.333333333,1,2
40,1호선,도봉산역,망월사역,1,1,2
41,1호선,도봉역,도봉산역,1,1,1
42,1호선,도봉역,방학역,1.223333333,1,1
43,1호선,도원역,동인천역,0.886666667,0.833333333,1
44,1호선,도원역,제물포역,0.78,0.39,1
45,1호선,도화역,제물포역,1,1,1
46,1호선,도화역,주안역,1,0.833333333,1
47,1호선,독산역,가산디지털단지역,1.39,1,1
48,1호선,독산역,금천구청역,1.276666667,1.613333333,1
49,1호선,동대문역,동묘앞역,1,1.723333333,2
50,1호선,동대문역,종로5가역,2.163333333,1.056666667,2
51,1호선,동두천역,보산역,0.223333333,0.113333333,1
52,1호선,동두천역,소요산역,0,0,1
53,1호선,동두천중앙역,보산역,0.39,0.613333333,1
54,1호선,동두천중앙역,지행역,0.5,0.39,1
55,1호선,동묘앞역,동대문역,2.163333333,1.056666667,2
56,1호선,동묘앞역,신설동역,1,1.78,2
57,1호선,동암역,간석역,1,1,1
58,1호선,동암역,백운역,1,1,1
59,1호선,동인천역,도원역,0,0,1
60,1호선,동인천역,인천역,0.556666667,0.613333333,1
61,1호선,두정역,직산역,0.78,0.943333333,1
62,1호선,두정역,천안역,1,1,1
63,1호선,망월사역,도봉산역,1.28,1,1
64,1호선,망월사역,회룡역,1,1.11,1
65,1호선,명학역,금정역,1.223333333,1.72,1
66,1호선,명학역,안양역,1.666666667,1.166666667,1
67,1호선,방학역,도봉역,1,1.113333333,1
68,1호선,방학역,창동역,1.333333333,1,1
69,1호선,배방역,온양온천역,0.943333333,0.943333333,1
70,1호선,배방역,탕정역,1,0.61,1
71,1호선,백운역,동암역,1,1,1
72,1호선,백운역,부평역,1,1,1
73,1호선,병점역,서동탄역,1,1,1
74,1호선,병점역,세류역,1,1,1
75,1호선,보산역,동두천역,0.11,0.276666667,1
76,1호선,보산역,동두천중앙역,0.28,0,1
77,1호선,봉명역,쌍용역,1,1,1
78,1호선,봉명역,천안역,0.943333333,0.776666667,1
79,1호선,부개역,부평역,1,1.056666667,1
80,1호선,부개역,송내역,1,1,1
81,1호선,부천역,소사역,1.61,1,1
82,1호선,부천역,중동역,1,1.386666667,1
83,1호선,부평역,백운역,1,1,1
84,1호선,부평역,부개역,1,1,1
85,1호선,서동탄역,서동탄역,0.943333333,1,1
86,1호선,서울역,남영역,1.333333333,1.333333333,3
87,1호선,서울역,시청역,2.276666667,1.223333333,3
88,1호선,서정리역,송탄역,1,0.943333333,1
89,1호선,서정리역,평택지제역,1,1,1
90,1호선,석계역,광운대역,1,1,1
91,1호선,석계역,신이문역,1.28,1,1
92,1호선,석수역,관악역,1.056666667,1.833333333,1
93,1호선,석수역,금천구청역,1.78,1.11,1
94,1호선,성균관대역,의왕역,1.443333333,1.056666667,1
95,1호선,성균관대역,화서역,1,1.553333333,1
96,1호선,성환역,직산역,1,1,1
97,1호선,성환역,평택역,0.943333333,0.943333333,1
98,1호선,세류역,병점역,1,1,1
99,1호선,세류역,수원역,1,1,1
100,1호선,세마역,병점역,1.223333333,1.223333333,1
101,1호선,세마역,오산대역,1.056666667,1,1
102,1호선,소사역,부천역,1,1.333333333,1
103,1호선,소사역,역곡역,1.61,1,1
104,1호선,소요산역,동두천역,0.443333333,0,1
105,1호선,소요산역,청산역,0.113333333,0.22,1
106,1호선,송내역,부개역,1,1.11,1
107,1호선,송내역,중동역,1.276666667,1,1
108,1호선,송탄역,서정리역,1,1,1
109,1호선,송탄역,진위역,1,1,1
110,1호선,수원역,세류역,1,1.333333333,1
111,1호선,수원역,화서역,1,1.11,1
112,1호선,시청역,서울역,1.556666667,1.223333333,2
113,1호선,시청역,종각역,2,1.223333333,2
114,1호선,신길역,대방역,2.333333333,1.11,2
115,1호선,신길역,영등포역,1.166666667,1.723333333,2
116,1호선,신도림역,구로역,1,1.613333333,3
117,1호선,신도림역,영등포역,2.61,1.166666667,3
118,1호선,신설동역,동묘앞역,2.163333333,1,2
119,1호선,신설동역,제기동역,1,1.723333333,2
120,1호선,신이문역,석계역,1,1.386666667,1
121,1호선,신이문역,외대앞역,1.386666667,1,1
122,1호선,신창역,신창역,0.886666667,0.5,1
123,1호선,쌍용역,봉명역,0.89,0.723333333,1
124,1호선,쌍용역,아산역,1,1,1
125,1호선,아산역,쌍용역,0.89,0.72,1
126,1호선,아산역,탕정역,0.943333333,0.556666667,1
127,1호선,안양역,관악역,1.776666667,1.223333333,1
128,1호선,안양역,명학역,1.113333333,1.833333333,1
129,1호선,양주역,녹양역,1,0.72,1
130,1호선,양주역,덕계역,1,1,1
131,1호선,역곡역,소사역,1,1.5,1
132,1호선,역곡역,온수역,2,1,1
133,1호선,영등포역,신길역,2.333333333,1,1
134,1호선,영등포역,신도림역,1.166666667,1.723333333,1
135,1호선,오류동역,개봉역,2.5,1,1
136,1호선,오류동역,온수역,1,1.723333333,1
137,1호선,오산대역,세마역,1,1.166666667,1
138,1호선,오산대역,오산역,1.056666667,1,1
139,1호선,오산역,오산대역,1,1,1
140,1호선,오산역,진위역,1.056666667,1,1
141,1호선,온수역,역곡역,1,1.723333333,2
142,1호선,온수역,오류동역,2.386666667,1,2
143,1호선,온양온천역,배방역,0.61,0.72,1
144,1호선,온양온천역,신창역,0.833333333,0.723333333,1
145,1호선,외대앞역,신이문역,1,1.386666667,1
146,1호선,외대앞역,회기역,1.61,1,1
147,1호선,용산역,남영역,2.443333333,1.11,1
148,1호선,용산역,노량진역,1.223333333,1.556666667,1
149,1호선,월계역,광운대역,1.276666667,1,1
150,1호선,월계역,녹천역,1,1.056666667,1
151,1호선,의왕역,당정역,1.553333333,1.223333333,1
152,1호선,의왕역,성균관대역,1.056666667,1.61,1
153,1호선,의정부역,가능역,1,1,1
154,1호선,의정부역,회룡역,1,1,1
155,1호선,인천역,인천역,0,0,1
156,1호선,제기동역,신설동역,2.056666667,1,1
157,1호선,제기동역,청량리역,1,1.61,1
158,1호선,제물포역,도원역,1,1,1
159,1호선,제물포역,도화역,1,0.78,1
160,1호선,종각역,시청역,2.053333333,1.223333333,1
161,1호선,종각역,종로3가역,1.723333333,1.333333333,1
162,1호선,종로3가역,종각역,2.276666667,1.11,3
163,1호선,종로3가역,종로5가역,1.11,1.443333333,3
164,1호선,종로5가역,동대문역,1.11,1.666666667,1
165,1호선,종로5가역,종로3가역,2.053333333,1.056666667,1
166,1호선,주안역,간석역,1,1,1
167,1호선,주안역,도화역,1,1,1
168,1호선,중동역,부천역,1.443333333,1,1
169,1호선,중동역,송내역,1,1.166666667,1
170,1호선,지행역,덕정역,0.89,0.723333333,1
171,1호선,지행역,동두천중앙역,0.556666667,0.943333333,1
172,1호선,직산역,두정역,1,1,1
173,1호선,직산역,성환역,1,1,1
174,1호선,진위역,송탄역,1,1,1
175,1호선,진위역,오산역,1,1,1
176,1호선,창동역,녹천역,1.333333333,1,2
177,1호선,창동역,방학역,1,1,2
178,1호선,천안역,두정역,1,0.833333333,1
179,1호선,천안역,봉명역,1,1,1
180,1호선,청량리역,제기동역,2.166666667,1,1
181,1호선,청량리역,회기역,1,1.61,1
182,1호선,탕정역,배방역,0.833333333,0.943333333,1
183,1호선,탕정역,아산역,0.78,0.39,1
184,1호선,평택역,성환역,1,1,1
185,1호선,평택역,평택지제역,1,0.943333333,1
186,1호선,평택지제역,서정리역,0.943333333,1,1
187,1호선,평택지제역,평택역,1,1,1
188,1호선,화서역,성균관대역,1.333333333,1.11,1
189,1호선,화서역,수원역,1,1.39,1
190,1호선,회기역,외대앞역,1,1.5,1
191,1호선,회기역,청량리역,1.666666667,1,1
192,1호선,회룡역,망월사역,1,1,1
193,1호선,회룡역,의정부역,1,1,1
194,2호선,강남역,교대역,1.666666667,2.386666667,2
195,2호선,강남역,역삼역,3.22,1.39,2
196,2호선,강변역,구의역,1.39,1.333333333,1
197,2호선,강변역,잠실나루역,1.39,1,1
198,2호선,건대입구역,구의역,1.166666667,1.276666667,2
199,2호선,건대입구역,성수역,1.5,1.223333333,2
200,2호선,교대역,강남역,3.333333333,1.39,2
201,2호선,교대역,서초역,1.276666667,2.666666667,2
202,2호선,구로디지털단지역,대림역,1.333333333,1.5,1
203,2호선,구로디지털단지역,신대방역,1.776666667,1.333333333,1
204,2호선,구의역,강변역,1.276666667,1.166666667,1
205,2호선,구의역,건대입구역,1.443333333,1.333333333,1
206,2호선,낙성대역,사당역,3.113333333,1.223333333,1
207,2호선,낙성대역,서울대입구역,1.166666667,2.666666667,1
208,2호선,당산역,영등포구청역,1.39,1.833333333,2
209,2호선,당산역,합정역,2.11,1.276666667,2
210,2호선,대림역,구로디지털단지역,1.666666667,1.443333333,2
211,2호선,대림역,신도림역,1.333333333,1.39,2
212,2호선,동대문역사문화공원역,신당역,1.28,1.776666667,3
213,2호선,동대문역사문화공원역,을지로4가역,2.276666667,1.613333333,3
214,2호선,뚝섬역,성수역,1.61,1.39,1
215,2호선,뚝섬역,한양대역,1.443333333,1.443333333,1
216,2호선,문래역,신도림역,1.613333333,1.666666667,1
217,2호선,문래역,영등포구청역,2.056666667,1.333333333,1
218,2호선,방배역,사당역,1.166666667,2.776666667,1
219,2호선,방배역,서초역,3.556666667,1.39,1
220,2호선,봉천역,서울대입구역,2.333333333,1.223333333,1
221,2호선,봉천역,신림역,1.166666667,2.333333333,1
222,2호선,사당역,낙성대역,1.11,2.89,2
223,2호선,사당역,방배역,3.223333333,1.223333333,2
224,2호선,삼성역,선릉역,2.496666667,1.11,1
225,2호선,삼성역,종합운동장역,1.666666667,1.776666667,1
226,2호선,상왕십리역,신당역,2,1.723333333,1
227,2호선,상왕십리역,왕십리역,1.886666667,1.723333333,1
,2호선,서울대입구역,낙성대역,2.234333,1.2738333,1
,2호선,서울대입구역,봉천역,1.176666667,2.42,1
228,2호선,서초역,교대역,3.5,1.39,1
229,2호선,서초역,방배역,1.276666667,2.723333333,1
230,2호선,선릉역,삼성역,2.276666667,1.61,1
231,2호선,선릉역,역삼역,2.113333333,1.333333333,1
232,2호선,성수역,건대입구역,1.223333333,1.166666667,2
233,2호선,성수역,뚝섬역,1.276666667,1,2
234,2호선,시청역,을지로입구역,2.22,1.166666667,2
235,2호선,시청역,충정로역,1.443333333,1.723333333,2
236,2호선,신당역,동대문역사문화공원역,2.17,1.78,2
237,2호선,신당역,상왕십리역,1.61,1.776666667,2
238,2호선,신대방역,구로디지털단지역,1.223333333,1.556666667,1
239,2호선,신대방역,신림역,1.833333333,1.276666667,1
240,2호선,신도림역,대림역,1.5,1.666666667,3
241,2호선,신도림역,문래역,1.386666667,1.39,3
242,2호선,신림역,봉천역,1.89,1.276666667,1
243,2호선,신림역,신대방역,1.223333333,2.166666667,1
244,2호선,신촌역,이대역,2.276666667,1.056666667,1
245,2호선,신촌역,홍대입구역,1,1.946666667,1
246,2호선,아현역,이대역,1,2.11,1
247,2호선,아현역,충정로역,2.166666667,1.11,1
248,2호선,역삼역,강남역,1.833333333,1.833333333,1
249,2호선,역삼역,선릉역,2.666666667,1.5,1
250,2호선,영등포구청역,당산역,2.11,1.333333333,2
251,2호선,영등포구청역,문래역,1.39,1.666666667,2
252,2호선,왕십리역,상왕십리역,1.5,1.613333333,2
253,2호선,왕십리역,한양대역,2,1.666666667,2
254,2호선,을지로3가역,을지로4가역,1.5,1.61,2
255,2호선,을지로3가역,을지로입구역,2.056666667,1.333333333,2
256,2호선,을지로4가역,동대문역사문화공원역,1.28,1.666666667,2
257,2호선,을지로4가역,을지로3가역,2.223333333,1.276666667,2
258,2호선,을지로입구역,시청역,2,1.39,1
259,2호선,을지로입구역,을지로3가역,2.003333333,1.276666667,1
260,2호선,이대역,신촌역,1,2.11,1
261,2호선,이대역,아현역,2.166666667,1.056666667,1
262,2호선,잠실나루역,강변역,1.333333333,1.39,1
263,2호선,잠실나루역,잠실역,1.5,1.056666667,1
264,2호선,잠실새내역,잠실역,1,1.943333333,1
265,2호선,잠실새내역,종합운동장역,2.166666667,1.223333333,1
266,2호선,잠실역,잠실나루역,1.11,1.723333333,2
267,2호선,잠실역,잠실새내역,1.556666667,1.056666667,2
268,2호선,종합운동장역,삼성역,2.39,1.11,2
269,2호선,종합운동장역,잠실새내역,1.056666667,2,2
270,2호선,충정로역,시청역,2.28,1.11,2
271,2호선,충정로역,아현역,1,1.996666667,2
272,2호선,한양대역,뚝섬역,1.833333333,1.443333333,1
273,2호선,한양대역,왕십리역,1.443333333,1.5,1
274,2호선,합정역,당산역,1.22,1.776666667,2
275,2호선,합정역,홍대입구역,2.11,1.276666667,2
276,2호선,홍대입구역,신촌역,2.11,1.11,2
277,2호선,홍대입구역,합정역,1,1.943333333,2
278,2호선성수지선,성수역,성수역,1.333333333,1,2
279,2호선성수지선,신답역,용답역,1.333333333,1,1
280,2호선성수지선,신답역,용두역,1,1.446666667,1
281,2호선성수지선,신설동역,신설동역,1,1.446666667,2
282,2호선성수지선,용답역,성수역,1.333333333,1,1
283,2호선성수지선,용답역,신답역,1,1.446666667,1
284,2호선성수지선,용두역,신답역,1.333333333,1,1
285,2호선성수지선,용두역,신설동역,1,1.446666667,1
286,2호선신도림지선,까치산역,까치산역,1,1.386666667,2
287,2호선신도림지선,도림천역,신도림역,2.39,1,1
288,2호선신도림지선,도림천역,양천구청역,1,2.22,1
289,2호선신도림지선,신도림역,신도림역,2.496666667,1,3
290,2호선신도림지선,신정네거리역,까치산역,1,1.723333333,1
291,2호선신도림지선,신정네거리역,양천구청역,1.446666667,1,1
292,2호선신도림지선,양천구청역,도림천역,2.166666667,1,1
293,2호선신도림지선,양천구청역,신정네거리역,1,2.22,1
294,3호선,가락시장역,경찰병원역,1,1.166666667,2
295,3호선,가락시장역,수서역,1.056666667,1,2
296,3호선,경복궁역,독립문역,1,2.613333333,1
297,3호선,경복궁역,안국역,3.166666667,1,1
298,3호선,경찰병원역,가락시장역,1,1,1
299,3호선,경찰병원역,오금역,1,1,1
300,3호선,고속터미널역,교대역,2.056666667,1.61,3
301,3호선,고속터미널역,잠원역,1.833333333,2.056666667,3
302,3호선,교대역,고속터미널역,1.723333333,1.666666667,2
303,3호선,교대역,남부터미널역,2.443333333,1.556666667,2
304,3호선,구파발역,연신내역,2.11,1,1
305,3호선,구파발역,지축역,1,2.053333333,1
306,3호선,금호역,약수역,1.72,2.28,1
307,3호선,금호역,옥수역,2.276666667,1.61,1
308,3호선,남부터미널역,교대역,1.723333333,1.333333333,1
309,3호선,남부터미널역,양재역,2.113333333,1.5,1
310,3호선,녹번역,불광역,1,2.39,1
311,3호선,녹번역,홍제역,2.446666667,1,1
312,3호선,대곡역,백석역,1,1,1
313,3호선,대곡역,화정역,1,0.943333333,1
314,3호선,대청역,일원역,1,1.276666667,1
315,3호선,대청역,학여울역,1.166666667,1,1
316,3호선,대치역,도곡역,1.333333333,1,1
317,3호선,대치역,학여울역,1,1.276666667,1
318,3호선,대화역,대화역,1,1,1
319,3호선,도곡역,대치역,1,1.446666667,1
320,3호선,도곡역,매봉역,1.39,1,1
321,3호선,독립문역,경복궁역,3.166666667,1,1
322,3호선,독립문역,무악재역,1,2.666666667,1
323,3호선,동대입구역,약수역,2.11,1.443333333,1
324,3호선,동대입구역,충무로역,1.776666667,1.89,1
325,3호선,마두역,백석역,1,1,1
326,3호선,마두역,정발산역,1,1,1
327,3호선,매봉역,도곡역,1.166666667,1.446666667,1
328,3호선,매봉역,양재역,1.723333333,1,1
329,3호선,무악재역,독립문역,2.943333333,1,1
330,3호선,무악재역,홍제역,1,2.72,1
331,3호선,백석역,대곡역,1,0.943333333,1
332,3호선,백석역,마두역,1,1,1
333,3호선,불광역,녹번역,2.333333333,1,2
334,3호선,불광역,연신내역,1,2.28,2
335,3호선,삼송역,원흥역,1,1.5,1
336,3호선,삼송역,지축역,1.166666667,1,1
337,3호선,수서역,가락시장역,1,1.166666667,1
338,3호선,수서역,일원역,1.39,1,1
339,3호선,신사역,압구정역,1.776666667,1.776666667,2
340,3호선,신사역,잠원역,2.28,1.556666667,2
341,3호선,안국역,경복궁역,1.056666667,2.386666667,1
342,3호선,안국역,종로3가역,3.056666667,1.11,1
343,3호선,압구정역,신사역,2.333333333,1.39,1
344,3호선,압구정역,옥수역,1.72,2.11,1
345,3호선,약수역,금호역,2.166666667,1.443333333,2
346,3호선,약수역,동대입구역,1.776666667,2.11,2
347,3호선,양재역,남부터미널역,1.78,1.11,2
348,3호선,양재역,매봉역,1.72,1.446666667,2
349,3호선,연신내역,구파발역,1,2.223333333,2
350,3호선,연신내역,불광역,1.89,1,2
351,3호선,오금역,오금역,0,0,2
352,3호선,옥수역,금호역,1.666666667,2.223333333,1
353,3호선,옥수역,압구정역,2.39,1.5,1
354,3호선,원당역,원흥역,1,1,1
355,3호선,원당역,화정역,1,1.056666667,1
356,3호선,원흥역,삼송역,1,1,1
357,3호선,원흥역,원당역,1,1.166666667,1
358,3호선,을지로3가역,종로3가역,1.61,1.946666667,2
359,3호선,을지로3가역,충무로역,2.443333333,1.223333333,2
360,3호선,일원역,대청역,1.056666667,1,1
361,3호선,일원역,수서역,1,1.223333333,1
362,3호선,잠원역,고속터미널역,2,1.556666667,1
363,3호선,잠원역,신사역,1.776666667,1.833333333,1
364,3호선,정발산역,마두역,1,0.943333333,1
365,3호선,정발산역,주엽역,1,1,1
366,3호선,종로3가역,안국역,1.166666667,2.276666667,3
367,3호선,종로3가역,을지로3가역,2.776666667,1.223333333,3
368,3호선,주엽역,대화역,1,1,1
369,3호선,주엽역,정발산역,1,0.5,1
370,3호선,지축역,구파발역,1.72,1,1
371,3호선,지축역,삼송역,1,1.946666667,1
372,3호선,충무로역,동대입구역,2.056666667,1.333333333,2
373,3호선,충무로역,을지로3가역,1.776666667,2,2
374,3호선,학여울역,대청역,1,1.333333333,1
375,3호선,학여울역,대치역,1.276666667,1,1
376,3호선,홍제역,녹번역,1,2.613333333,1
377,3호선,홍제역,무악재역,2.723333333,1,1
378,3호선,화정역,대곡역,1,1.056666667,1
379,3호선,화정역,원당역,1,1,1
380,4호선,경마공원역,대공원역,1.446666667,2.553333333,1
381,4호선,경마공원역,선바위역,3.053333333,1.276666667,1
382,4호선,고잔역,중앙역,1,1,1
383,4호선,고잔역,초지역,1,1,1
384,4호선,과천역,대공원역,2.89,1.333333333,1
385,4호선,과천역,정부과천청사역,1.446666667,2.553333333,1
386,4호선,금정역,범계역,1.61,1,2
387,4호선,금정역,산본역,1,1.5,2
388,4호선,길음역,미아사거리역,1,2.61,1
389,4호선,길음역,성신여대입구역,2.613333333,1,1
390,4호선,남태령역,사당역,3,1.39,1
391,4호선,남태령역,선바위역,1.556666667,2.5,1
392,4호선,노원역,상계역,1,1.056666667,2
393,4호선,노원역,창동역,1,1,2
394,4호선,당고개역,별내별가람역,0.943333333,1,1
395,4호선,당고개역,상계역,1,0.943333333,1
396,4호선,대공원역,경마공원역,3.053333333,1.276666667,1
397,4호선,대공원역,과천역,1.446666667,2.61,1
398,4호선,대야미역,반월역,1,1.39,1
399,4호선,대야미역,수리산역,1.166666667,1,1
400,4호선,동대문역,동대문역사문화공원역,3.276666667,1.056666667,2
401,4호선,동대문역,혜화역,1.11,2.776666667,2
402,4호선,동대문역사문화공원역,동대문역,1,2.053333333,3
403,4호선,동대문역사문화공원역,충무로역,3.223333333,1.11,3
404,4호선,동작역,이수역,1,1.056666667,2
405,4호선,동작역,이촌역,1.11,1,2
406,4호선,명동역,충무로역,1.223333333,1.443333333,1
407,4호선,명동역,회현역,1.943333333,1.11,1
408,4호선,미아사거리역,길음역,2.386666667,1,1
409,4호선,미아사거리역,미아역,1,2.443333333,1
410,4호선,미아역,미아사거리역,2.276666667,1,1
411,4호선,미아역,수유역,1,2.056666667,1
412,4호선,반월역,대야미역,1,1,1
413,4호선,반월역,상록수역,1,1.276666667,1
414,4호선,범계역,금정역,1,1.943333333,1
415,4호선,범계역,평촌역,1.833333333,1,1
416,4호선,별내별가람역,당고개역,1,0.943333333,1
417,4호선,별내별가람역,오남역,0.833333333,1,1
418,4호선,사당역,남태령역,1,1,2
419,4호선,사당역,이수역,3.053333333,1.39,2
420,4호선,산본역,금정역,1.333333333,1,1
421,4호선,산본역,수리산역,1,1.5,1
422,4호선,삼각지역,숙대입구역,1.223333333,1,2
423,4호선,삼각지역,신용산역,1,1.11,2
424,4호선,상계역,노원역,1,0.556666667,1
425,4호선,상계역,당고개역,1,1,1
426,4호선,상록수역,반월역,1,1,1
427,4호선,상록수역,한대앞역,1,1.223333333,1
428,4호선,서울역,숙대입구역,1.39,1.276666667,3
429,4호선,서울역,회현역,1.166666667,1.11,3
430,4호선,선바위역,경마공원역,1.61,2.553333333,1
431,4호선,선바위역,남태령역,3.053333333,1.333333333,1
432,4호선,성신여대입구역,길음역,1,2.666666667,1
433,4호선,성신여대입구역,한성대입구역,2.776666667,1,1
434,4호선,수리산역,대야미역,1,1.39,1
435,4호선,수리산역,산본역,1.113333333,1,1
436,4호선,수유역,미아역,1.833333333,1,1
437,4호선,수유역,쌍문역,1,2.056666667,1
438,4호선,숙대입구역,삼각지역,1,1.11,1
439,4호선,숙대입구역,서울역,1.166666667,1,1
440,4호선,신길온천역,안산역,1,1,1
441,4호선,신길온천역,정왕역,1,1,1
442,4호선,신용산역,삼각지역,1.223333333,1.056666667,1
443,4호선,신용산역,이촌역,1,1.056666667,1
444,4호선,쌍문역,수유역,1.556666667,1,1
445,4호선,쌍문역,창동역,1,1.666666667,1
446,4호선,안산역,신길온천역,1,1,1
447,4호선,안산역,초지역,1,1,1
448,4호선,오남역,별내별가람역,1,0.776666667,1
449,4호선,오남역,진접역,0.89,1,1
450,4호선,오이도역,오이도역,1,1,1
451,4호선,이수역,동작역,1.056666667,1,2
452,4호선,이수역,사당역,1,1,2
453,4호선,이촌역,동작역,1,1.11,1
454,4호선,이촌역,신용산역,1.11,1,1
455,4호선,인덕원역,정부과천청사역,2.72,1.166666667,1
456,4호선,인덕원역,평촌역,1.39,2.503333333,1
457,4호선,정부과천청사역,과천역,2.89,1.223333333,1
458,4호선,정부과천청사역,인덕원역,1.446666667,2.61,1
459,4호선,정왕역,신길온천역,1,0.943333333,1
460,4호선,정왕역,오이도역,1,1,1
461,4호선,중앙역,고잔역,1,1,1
462,4호선,중앙역,한대앞역,1,1,1
463,4호선,진접역,진접역,0.833333333,1,1
464,4호선,창동역,노원역,1,1.443333333,2
465,4호선,창동역,쌍문역,1.223333333,1,2
466,4호선,초지역,고잔역,1,1,1
467,4호선,초지역,안산역,1,1,1
468,4호선,충무로역,동대문역사문화공원역,1.11,1.61,2
469,4호선,충무로역,명동역,2.39,1.056666667,2
470,4호선,평촌역,범계역,1.11,2.22,1
471,4호선,평촌역,인덕원역,2.446666667,1,1
472,4호선,한대앞역,상록수역,1,1,1
473,4호선,한대앞역,중앙역,1,1.056666667,1
474,4호선,한성대입구역,성신여대입구역,1,2.833333333,1
475,4호선,한성대입구역,혜화역,3.223333333,1,1
476,4호선,혜화역,동대문역,3.28,1,1
477,4호선,혜화역,한성대입구역,1.056666667,2.89,1
478,4호선,회현역,명동역,1.386666667,1.39,1
479,4호선,회현역,서울역,1.886666667,1.223333333,1
480,5호선,강동역,길동역,1.553333333,3,1
481,5호선,강동역,천호역,2.833333333,1.333333333,1
482,5호선,강일역,미사역,1,1.723333333,1
483,5호선,강일역,상일동역,1.776666667,1.056666667,1
484,5호선,개롱역,거여역,1,1.276666667,1
485,5호선,개롱역,오금역,1.22,1,1
486,5호선,개화산역,김포공항역,1,0.333333333,1
487,5호선,개화산역,방화역,1,1,1
488,5호선,거여역,개롱역,1,0.943333333,1
489,5호선,거여역,마천역,1,1,1
490,5호선,고덕역,명일역,2.113333333,1.056666667,1
491,5호선,고덕역,상일동역,1.11,2.22,1
492,5호선,공덕역,마포역,1.5,2.166666667,3
493,5호선,공덕역,애오개역,2.386666667,1.613333333,3
494,5호선,광나루역,아차산역,2.386666667,1.443333333,1
495,5호선,광나루역,천호역,1.666666667,2.666666667,1
496,5호선,광화문역,서대문역,2.443333333,1.39,1
497,5호선,광화문역,종로3가역,2.11,1.61,1
498,5호선,군자역,아차산역,1.39,2.22,2
499,5호선,군자역,장한평역,2.5,1.443333333,2
500,5호선,굽은다리역,길동역,2.443333333,1.056666667,1
501,5호선,굽은다리역,명일역,1.333333333,2.83,1
502,5호선,길동역,강동역,2.833333333,1.223333333,1
503,5호선,길동역,굽은다리역,1.446666667,3.053333333,1
504,5호선,김포공항역,개화산역,1,1,3
505,5호선,김포공항역,송정역,1,1,3
506,5호선,까치산역,신정역,1.666666667,1.056666667,2
507,5호선,까치산역,화곡역,1,2.276666667,2
508,5호선,답십리역,마장역,2.61,1.166666667,1
509,5호선,답십리역,장한평역,1.39,2.556666667,1
510,5호선,동대문역사문화공원역,을지로4가역,2.446666667,1,3
511,5호선,동대문역사문화공원역,청구역,1.166666667,2.11,3
512,5호선,둔촌동역,강동역,1.333333333,1.276666667,1
513,5호선,둔촌동역,올림픽공원역,1.386666667,1.333333333,1
514,5호선,마곡역,발산역,1,1,1
515,5호선,마곡역,송정역,1,1.056666667,1
516,5호선,마장역,답십리역,1.39,2.556666667,1
517,5호선,마장역,왕십리역,2.78,1.11,1
518,5호선,마천역,마천역,1,1,1
519,5호선,마포역,공덕역,2.443333333,1.556666667,1
520,5호선,마포역,여의나루역,1.886666667,2.223333333,1
521,5호선,명일역,고덕역,1.28,2.553333333,1
522,5호선,명일역,굽은다리역,2.276666667,1.056666667,1
523,5호선,목동역,신정역,1,2.39,1
524,5호선,목동역,오목교역,2.443333333,1,1
525,5호선,미사역,강일역,1,1,1
526,5호선,미사역,하남풍산역,1,1.333333333,1
527,5호선,발산역,마곡역,1.11,1.166666667,1
528,5호선,발산역,우장산역,1,1,1
529,5호선,방이역,오금역,1.333333333,1.276666667,1
530,5호선,방이역,올림픽공원역,1.333333333,1.11,1
531,5호선,방화역,방화역,0.776666667,1,1
532,5호선,상일동역,강일역,1,2,1
533,5호선,상일동역,고덕역,2,1.056666667,1
534,5호선,서대문역,광화문역,2.386666667,1.5,1
535,5호선,서대문역,충정로역,1.776666667,1.776666667,1
536,5호선,송정역,김포공항역,1,1,1
537,5호선,송정역,마곡역,1,1,1
538,5호선,신금호역,청구역,2.5,1.166666667,1
539,5호선,신금호역,행당역,1.333333333,2.22,1
540,5호선,신길역,여의도역,2.78,1,2
541,5호선,신길역,영등포시장역,1.056666667,2.443333333,2
542,5호선,신정역,까치산역,1,2.276666667,1
543,5호선,신정역,목동역,2.28,1,1
544,5호선,아차산역,광나루역,1.666666667,2.72,1
545,5호선,아차산역,군자역,2.443333333,1.443333333,1
546,5호선,애오개역,공덕역,1.5,2.223333333,1
547,5호선,애오개역,충정로역,2.5,1.556666667,1
548,5호선,양평역,영등포구청역,2.943333333,1,1
549,5호선,양평역,오목교역,1.11,2.666666667,1
550,5호선,여의나루역,마포역,2.556666667,1.5,1
551,5호선,여의나루역,여의도역,1.833333333,2.223333333,1
552,5호선,여의도역,신길역,1.553333333,2.276666667,2
553,5호선,여의도역,여의나루역,2.886666667,1,2
554,5호선,영등포구청역,양평역,1.056666667,2.39,2
555,5호선,영등포구청역,영등포시장역,2.943333333,1,2
556,5호선,영등포시장역,신길역,2.723333333,1,1
557,5호선,영등포시장역,영등포구청역,1.11,2.39,1
558,5호선,오금역,개롱역,1.276666667,1.223333333,2
559,5호선,오금역,방이역,1.39,1,2
560,5호선,오목교역,목동역,1.056666667,2.613333333,1
561,5호선,오목교역,양평역,2.78,1,1
562,5호선,올림픽공원역,둔촌동역,1.503333333,1.276666667,2
563,5호선,올림픽공원역,방이역,1.386666667,1.223333333,2
564,5호선,왕십리역,마장역,1.39,2.11,2
565,5호선,왕십리역,행당역,2.78,1.11,2
566,5호선,우장산역,발산역,1.11,1.333333333,1
567,5호선,우장산역,화곡역,1,1,1
568,5호선,을지로4가역,동대문역사문화공원역,1.446666667,2,2
569,5호선,을지로4가역,종로3가역,2.39,1,2
570,5호선,장한평역,군자역,1.39,2.39,1
571,5호선,장한평역,답십리역,2.443333333,1.11,1
572,5호선,종로3가역,광화문역,2.39,1.223333333,3
573,5호선,종로3가역,을지로4가역,1.5,1.943333333,3
574,5호선,천호역,강동역,1.61,2.556666667,2
575,5호선,천호역,광나루역,2.39,1.276666667,2
576,5호선,청구역,동대문역사문화공원역,2.556666667,1.056666667,2
577,5호선,청구역,신금호역,1.223333333,2.22,2
578,5호선,충정로역,서대문역,2.553333333,1.5,2
579,5호선,충정로역,애오개역,1.5,2.053333333,2
580,5호선,하남검단산역,하남검단산역,0.943333333,1,1
581,5호선,하남시청역,하남검단산역,1,1,1
582,5호선,하남시청역,하남풍산역,1,1,1
583,5호선,하남풍산역,미사역,1,1,1
584,5호선,하남풍산역,하남시청역,1,1,1
585,5호선,행당역,신금호역,2.446666667,1.166666667,1
586,5호선,행당역,왕십리역,1.39,2.22,1
587,5호선,화곡역,까치산역,1.443333333,1,1
588,5호선,화곡역,우장산역,1.223333333,1.556666667,1
589,6호선,고려대역,안암역,2.28,1,1
590,6호선,고려대역,월곡역,1,2.056666667,1
591,6호선,공덕역,대흥역,1.333333333,1.666666667,3
592,6호선,공덕역,효창공원앞역,1.61,1.223333333,3
593,6호선,광흥창역,대흥역,1.553333333,1.166666667,1
594,6호선,광흥창역,상수역,1,1.72,1
595,6호선,구산역,응암역,1,1,1
596,6호선,녹사평역,삼각지역,1.336666667,1.333333333,1
597,6호선,녹사평역,이태원역,1.39,1.39,1
598,6호선,대흥역,공덕역,1.61,1.166666667,1
599,6호선,대흥역,광흥창역,1,1.72,1
600,6호선,독바위역,연신내역,1,1,1
601,6호선,돌곶이역,상월곡역,1.666666667,1,1
602,6호선,돌곶이역,석계역,1,1.556666667,1
603,6호선,동묘앞역,신당역,2.776666667,1.166666667,2
604,6호선,동묘앞역,창신역,1.11,2.503333333,2
605,6호선,디지털미디어시티역,월드컵경기장역,1.776666667,1,2
606,6호선,디지털미디어시티역,증산역,1,1.946666667,2
607,6호선,마포구청역,망원역,2.276666667,1.056666667,1
608,6호선,마포구청역,월드컵경기장역,1,2.11,1
609,6호선,망원역,마포구청역,1,2.223333333,1
610,6호선,망원역,합정역,2.446666667,1.056666667,1
611,6호선,버티고개역,약수역,1.166666667,1.446666667,1
612,6호선,버티고개역,한강진역,1.553333333,1.223333333,1
613,6호선,보문역,안암역,1.056666667,2.223333333,1
614,6호선,보문역,창신역,2.28,1.056666667,1
615,6호선,봉화산역,신내역,1,1,1
616,6호선,봉화산역,화랑대역,1,0.666666667,1
617,6호선,불광역,독바위역,1,1,2
618,6호선,삼각지역,녹사평역,1.553333333,1.39,2
619,6호선,삼각지역,효창공원앞역,1.28,1.443333333,2
620,6호선,상수역,광흥창역,1.553333333,1.166666667,1
621,6호선,상수역,합정역,1,1.666666667,1
622,6호선,상월곡역,돌곶이역,1,1.776666667,1
623,6호선,상월곡역,월곡역,2,1,1
624,6호선,새절역,응암역,1,1.556666667,1
625,6호선,새절역,증산역,1.5,1,1
626,6호선,신내역,신내역,0.943333333,1,1
627,6호선,신당역,동묘앞역,1.11,1.78,2
628,6호선,신당역,청구역,2.336666667,1.166666667,2
629,6호선,안암역,고려대역,1,2.056666667,1
630,6호선,안암역,보문역,2.276666667,1,1
631,6호선,약수역,버티고개역,2,1.166666667,2
632,6호선,약수역,청구역,1.166666667,1.446666667,2
633,6호선,역촌역,불광역,0.943333333,0.333333333,1
634,6호선,연신내역,구산역,1,1,2
635,6호선,월곡역,고려대역,2.113333333,1,1
636,6호선,월곡역,상월곡역,1,1.89,1
637,6호선,월드컵경기장역,디지털미디어시티역,1,1.946666667,1
638,6호선,월드컵경기장역,마포구청역,2,1,1
639,6호선,응암역,새절역,1.886666667,1,1
640,6호선,이태원역,녹사평역,1.443333333,1.276666667,1
641,6호선,이태원역,한강진역,1.333333333,1.39,1
642,6호선,증산역,디지털미디어시티역,1.723333333,1,1
643,6호선,증산역,새절역,1,1.666666667,1
644,6호선,창신역,동묘앞역,2.61,1.166666667,1
645,6호선,창신역,보문역,1.056666667,2.28,1
646,6호선,청구역,신당역,1.056666667,1.723333333,2
647,6호선,청구역,약수역,2.053333333,1.166666667,2
648,6호선,한강진역,버티고개역,1.333333333,1.39,1
649,6호선,한강진역,이태원역,1.553333333,1.223333333,1
650,6호선,합정역,망원역,1,1.666666667,2
651,6호선,합정역,상수역,2.446666667,1.166666667,2
652,6호선,화랑대역,봉화산역,1,1,1
653,6호선,화랑대역,태릉입구역,1,1,1
654,6호선,효창공원앞역,공덕역,1.386666667,1.613333333,1
655,6호선,효창공원앞역,삼각지역,1.553333333,1.333333333,1
656,7호선,가산디지털단지역,남구로역,2.61,1,2
657,7호선,가산디지털단지역,철산역,1.553333333,1.723333333,2
658,7호선,강남구청역,청담역,1.886666667,2.276666667,1
659,7호선,강남구청역,학동역,2.72,1.333333333,1
660,7호선,건대입구역,어린이대공원역,1.28,2.5,2
661,7호선,건대입구역,자양역,3.556666667,1.11,2
662,7호선,고속터미널역,내방역,1.556666667,2.276666667,3
663,7호선,고속터미널역,반포역,3.166666667,1.276666667,3
664,7호선,공릉역,태릉입구역,2.386666667,1,1
665,7호선,공릉역,하계역,1,2.223333333,1
666,7호선,광명사거리역,천왕역,1,1.776666667,1
667,7호선,광명사거리역,철산역,1.613333333,1,1
668,7호선,군자역,어린이대공원역,3.5,1,2
669,7호선,군자역,중곡역,1.11,2.89,2
670,7호선,굴포천역,부평구청역,1,1.496666667,1
671,7호선,굴포천역,삼산체육관역,1.39,1,1
672,7호선,까치울역,부천종합운동장역,1,2.496666667,1
673,7호선,까치울역,온수역,2.39,1.056666667,1
674,7호선,남구로역,가산디지털단지역,1.5,1.723333333,1
675,7호선,남구로역,대림역,2.336666667,1.22,1
676,7호선,남성역,숭실대입구역,1.333333333,2.443333333,1
677,7호선,남성역,이수역,2.61,1.166666667,1
678,7호선,내방역,고속터미널역,3.223333333,1.223333333,1
679,7호선,내방역,이수역,1.5,2.556666667,1
680,7호선,노원역,마들역,1,1.443333333,2
681,7호선,노원역,중계역,1.443333333,1,2
682,7호선,논현역,반포역,2.276666667,1.723333333,2
683,7호선,논현역,학동역,2.443333333,1.5,2
684,7호선,대림역,남구로역,1.333333333,1.5,2
685,7호선,대림역,신풍역,2.166666667,1.166666667,2
686,7호선,도봉산역,수락산역,1,0.776666667,2
687,7호선,도봉산역,장암역,1,1,2
688,7호선,뚝섬유원지역,건대입구역,1.276666667,2.723333333,1
689,7호선,뚝섬유원지역,청담역,3.276666667,1.056666667,1
690,7호선,마들역,노원역,1,1,1
691,7호선,마들역,수락산역,1,1.333333333,1
692,7호선,먹골역,중화역,2.386666667,1,1
693,7호선,먹골역,태릉입구역,1.056666667,2.333333333,1
694,7호선,면목역,사가정역,3.166666667,1,1
695,7호선,면목역,상봉역,1,2.61,1
696,7호선,반포역,고속터미널역,1.556666667,2.276666667,1
697,7호선,반포역,논현역,2.443333333,1.5,1
698,7호선,보라매역,신대방삼거리역,2.39,1.11,1
699,7호선,보라매역,신풍역,1.446666667,1.776666667,1
700,7호선,부천시청역,상동역,1,2.11,1
701,7호선,부천시청역,신중동역,1.833333333,1,1
702,7호선,부천종합운동장역,까치울역,2.223333333,1.11,1
703,7호선,부천종합운동장역,춘의역,1,2.333333333,1
704,7호선,부평구청역,굴포천역,1,1,1
705,7호선,부평구청역,산곡역,1,1.223333333,1
706,7호선,사가정역,면목역,1.056666667,2.666666667,1
707,7호선,사가정역,용마산역,3.28,1.056666667,1
708,7호선,산곡역,부평구청역,1,1,1
709,7호선,산곡역,석남역,1,1,1
710,7호선,삼산체육관역,굴포천역,1.056666667,1.89,1
711,7호선,삼산체육관역,상동역,1.776666667,1,1
712,7호선,상도역,숭실대입구역,2.446666667,1.11,1
713,7호선,상도역,장승배기역,1.446666667,2.333333333,1
714,7호선,상동역,부천시청역,1.833333333,1,1
715,7호선,상동역,삼산체육관역,1.223333333,2.223333333,1
716,7호선,상봉역,면목역,2.5,1,1
717,7호선,상봉역,중화역,1,2.5,1
718,7호선,석남역,석남역,1,1,1
719,7호선,수락산역,도봉산역,1,1,1
720,7호선,수락산역,마들역,1,1,1
721,7호선,숭실대입구역,남성역,2.553333333,1.166666667,1
722,7호선,숭실대입구역,상도역,1.446666667,2.386666667,1
723,7호선,신대방삼거리역,보라매역,1.446666667,2.056666667,1
724,7호선,신대방삼거리역,장승배기역,2.386666667,1.11,1
725,7호선,신중동역,부천시청역,1.056666667,2.5,1
726,7호선,신중동역,춘의역,1.833333333,1,1
727,7호선,신풍역,대림역,1.446666667,1.723333333,1
728,7호선,신풍역,보라매역,1.943333333,1.056666667,1
729,7호선,어린이대공원역,건대입구역,3.61,1,1
730,7호선,어린이대공원역,군자역,1.166666667,2.833333333,1
731,7호선,온수역,까치울역,1,1.61,2
732,7호선,온수역,천왕역,2.443333333,1.11,2
733,7호선,용마산역,사가정역,1,2.776666667,1
734,7호선,용마산역,중곡역,3.386666667,1,1
735,7호선,이수역,남성역,1.39,2.556666667,2
736,7호선,이수역,내방역,3,1.166666667,2
737,7호선,장승배기역,상도역,2.443333333,1.11,1
738,7호선,장승배기역,신대방삼거리역,1.446666667,2.056666667,1
739,7호선,장암역,장암역,0,0,1
740,7호선,중계역,노원역,1,1.5,1
741,7호선,중계역,하계역,1.89,1,1
742,7호선,중곡역,군자역,3.386666667,1,1
743,7호선,중곡역,용마산역,1.166666667,2.833333333,1
744,7호선,중화역,먹골역,1,2.333333333,1
745,7호선,중화역,상봉역,2.443333333,1,1
746,7호선,천왕역,광명사거리역,1.443333333,1,1
747,7호선,천왕역,온수역,1,1.666666667,1
748,7호선,철산역,가산디지털단지역,2.11,1,1
749,7호선,철산역,광명사거리역,1,2.053333333,1
750,7호선,청담역,강남구청역,3,1,1
751,7호선,청담역,자양역,1.39,2.443333333,1
752,7호선,춘의역,부천종합운동장역,2.166666667,1,1
753,7호선,춘의역,신중동역,1.056666667,2.386666667,1
754,7호선,태릉입구역,공릉역,1.056666667,2.223333333,1
755,7호선,태릉입구역,먹골역,2.443333333,1,1
756,7호선,하계역,공릉역,1.943333333,1,1
757,7호선,하계역,중계역,1,1.89,1
758,7호선,학동역,강남구청역,2.223333333,2,1
759,7호선,학동역,논현역,2.39,1.5,1
760,8호선,가락시장역,문정역,2.553333333,1.776666667,2
761,8호선,가락시장역,송파역,2.61,2.163333333,2
762,8호선,강동구청역,몽촌토성역,3.333333333,1.11,1
763,8호선,강동구청역,천호역,1,2.78,1
764,8호선,남위례역,복정역,1.386666667,1,1
765,8호선,남위례역,산성역,1,1.443333333,1
766,8호선,남한산성입구역,단대오거리역,1,1.223333333,1
767,8호선,남한산성입구역,산성역,1.166666667,1,1
768,8호선,단대오거리역,남한산성입구역,1,1,1
769,8호선,단대오거리역,신흥역,1,1,1
770,8호선,모란역,모란역,1,1,1
771,8호선,몽촌토성역,강동구청역,1.223333333,2.886666667,1
772,8호선,몽촌토성역,잠실역,3.39,1.11,1
773,8호선,문정역,가락시장역,2.556666667,1.443333333,1
774,8호선,문정역,장지역,2.22,1.833333333,1
775,8호선,복정역,남위례역,1.503333333,1.666666667,1
776,8호선,복정역,장지역,1.556666667,1,1
777,8호선,산성역,남위례역,1.39,1,1
778,8호선,산성역,남한산성입구역,1,1.333333333,1
779,8호선,석촌역,송파역,2.556666667,1.723333333,2
780,8호선,석촌역,잠실역,2.666666667,2.5,2
781,8호선,송파역,가락시장역,2.556666667,2.166666667,1
782,8호선,송파역,석촌역,2.386666667,2.5,1
783,8호선,수진역,모란역,1,1,1
784,8호선,수진역,신흥역,1,1,1
785,8호선,신흥역,단대오거리역,1,1,1
786,8호선,신흥역,수진역,1,1,1
787,8호선,암사역,암사역사공원역,1,1.943333333,1
788,8호선,암사역,천호역,1.776666667,1,1
789,8호선,잠실역,몽촌토성역,2.276666667,2.446666667,2
790,8호선,잠실역,석촌역,3.446666667,1.223333333,2
791,8호선,장지역,문정역,2.163333333,1.223333333,1
792,8호선,장지역,복정역,1.723333333,1.78,1
793,8호선,천호역,강동구청역,2.056666667,1,2
794,8호선,천호역,암사역,1,2.556666667,2
795,9호선,가양역,양천향교역,1.276666667,1.666666667,1
796,9호선,가양역,증미역,1.556666667,1,1
797,9호선,개화역,개화역,0.833333333,0.72,1
798,9호선,고속터미널역,사평역,2.723333333,1.446666667,3
799,9호선,고속터미널역,신반포역,1.61,1.943333333,3
800,9호선,공항시장역,김포공항역,1,1.223333333,1
801,9호선,공항시장역,신방화역,1.276666667,1,1
802,9호선,구반포역,동작역,2.113333333,2.333333333,1
803,9호선,구반포역,신반포역,2.666666667,1.446666667,1
804,9호선,국회의사당역,당산역,2,2.11,1
805,9호선,국회의사당역,여의도역,3.11,1.166666667,1
806,9호선,김포공항역,개화역,1,1.166666667,3
807,9호선,김포공항역,공항시장역,1,0.5,3
808,9호선,노들역,노량진역,2.443333333,2.28,1
809,9호선,노들역,흑석역,2.503333333,1.553333333,1
810,9호선,노량진역,노들역,2.28,1.72,2
811,9호선,노량진역,샛강역,2.723333333,2.28,2
812,9호선,당산역,국회의사당역,3.113333333,1.166666667,2
813,9호선,당산역,선유도역,1.5,2.39,2
814,9호선,동작역,구반포역,2.613333333,1.5,2
815,9호선,동작역,흑석역,2.113333333,2.336666667,2
816,9호선,둔촌오륜역,올림픽공원역,1,0.723333333,1
817,9호선,둔촌오륜역,중앙보훈병원역,1,1,1
818,9호선,등촌역,염창역,1.833333333,1,1
819,9호선,등촌역,증미역,1.443333333,2.053333333,1
820,9호선,마곡나루역,신방화역,1,1.333333333,2
821,9호선,마곡나루역,양천향교역,1.556666667,1,2
822,9호선,봉은사역,삼성중앙역,1.89,1,1
823,9호선,봉은사역,종합운동장역,1.166666667,1.443333333,1
824,9호선,사평역,고속터미널역,1.556666667,1.89,1
825,9호선,사평역,신논현역,2.223333333,1.39,1
826,9호선,삼성중앙역,봉은사역,1.223333333,1.386666667,1
827,9호선,삼성중앙역,선정릉역,1.833333333,1.223333333,1
828,9호선,삼전역,석촌고분역,1,1.5,1
829,9호선,삼전역,종합운동장역,1.723333333,1,1
830,9호선,샛강역,노량진역,2.333333333,1.5,1
831,9호선,샛강역,여의도역,2.78,2.11,1
832,9호선,석촌고분역,삼전역,1.5,1,1
833,9호선,석촌고분역,석촌역,1,1.333333333,1
834,9호선,석촌역,석촌고분역,1.166666667,1,2
835,9호선,석촌역,송파나루역,1,1.333333333,2
836,9호선,선유도역,당산역,3,1.11,1
837,9호선,선유도역,신목동역,1.553333333,2.553333333,1
838,9호선,선정릉역,삼성중앙역,1.5,1.443333333,1
839,9호선,선정릉역,언주역,1.666666667,1.276666667,1
840,9호선,신논현역,사평역,1.61,1.666666667,2
841,9호선,신논현역,언주역,2.17,1.39,2
842,9호선,신목동역,선유도역,2.89,1.11,1
843,9호선,신목동역,염창역,1.443333333,2.443333333,1
844,9호선,신반포역,고속터미널역,2.666666667,1.446666667,1
845,9호선,신반포역,구반포역,2.056666667,2.223333333,1
846,9호선,신방화역,공항시장역,1,1.276666667,1
847,9호선,신방화역,마곡나루역,1.443333333,1,1
848,9호선,양천향교역,가양역,1.556666667,1,1
849,9호선,양천향교역,마곡나루역,1,1.39,1
850,9호선,언주역,선정릉역,2.056666667,1.333333333,1
851,9호선,언주역,신논현역,1.61,1.5,1
852,9호선,여의도역,국회의사당역,2.553333333,2.223333333,2
853,9호선,여의도역,샛강역,2.556666667,1.333333333,2
854,9호선,염창역,등촌역,1.443333333,2.333333333,1
855,9호선,염창역,신목동역,2.333333333,1.11,1
856,9호선,올림픽공원역,둔촌오륜역,1,1,2
857,9호선,올림픽공원역,한성백제역,1,1,2
858,9호선,종합운동장역,봉은사역,2,1,2
859,9호선,종합운동장역,삼전역,1,1.5,2
860,9호선,중앙보훈병원역,중앙보훈병원역,1,1,1
861,9호선,증미역,가양역,1.39,1.61,1
862,9호선,증미역,등촌역,1.723333333,1,1
863,9호선,흑석역,노들역,2.443333333,2.443333333,1
864,9호선,흑석역,동작역,2.446666667,1.5,1
865,공항철도,검암역,계양역,1.056666667,1.166666667,1
866,공항철도,검암역,청라국제도시역,1.056666667,1.556666667,1
867,공항철도,계양역,검암역,1,1.833333333,1
868,공항철도,계양역,김포공항역,1,1,1
869,공항철도,공덕역,서울역,1.723333333,1,3
870,공항철도,공덕역,홍대입구역,1,1,3
871,공항철도,공항화물청사역,운서역,1,1.056666667,1
872,공항철도,공항화물청사역,인천공항1터미널역,1,1,1
873,공항철도,김포공항역,계양역,1,2,3
874,공항철도,김포공항역,마곡나루역,2.166666667,1,3
875,공항철도,디지털미디어시티역,마곡나루역,1,1.5,2
876,공항철도,디지털미디어시티역,홍대입구역,2.666666667,1,2
877,공항철도,마곡나루역,김포공항역,1,2.053333333,2
878,공항철도,마곡나루역,디지털미디어시티역,2.723333333,1,2
879,공항철도,서울역,서울역,0,0,3
880,공항철도,영종역,운서역,1,1,1
881,공항철도,영종역,청라국제도시역,1,1.11,1
882,공항철도,운서역,공항화물청사역,1,1,1
883,공항철도,운서역,영종역,1,1.11,1
884,공항철도,인천공항1터미널역,공항화물청사역,0.943333333,0.943333333,1
885,공항철도,인천공항1터미널역,인천공항2터미널역,1,1,1
886,공항철도,인천공항2터미널역,인천공항2터미널역,0,0,1
887,공항철도,청라국제도시역,검암역,1,1.11,1
888,공항철도,청라국제도시역,영종역,1,1,1
889,공항철도,홍대입구역,공덕역,2.39,1,2
890,공항철도,홍대입구역,디지털미디어시티역,1,1.223333333,2
891,신분당선,강남역,신논현역,3.333333333,1.833333333,2
892,신분당선,강남역,양재역,2,1.556666667,2
893,신분당선,광교역,광교역,1,1,1
894,신분당선,광교중앙역,광교역,1,1,1
895,신분당선,광교중앙역,상현역,1,1,1
896,신분당선,논현역,신논현역,1,1,2
897,신분당선,논현역,신사역,1.5,1.39,2
898,신분당선,동천역,미금역,2.556666667,1,1
899,신분당선,동천역,수지구청역,1,2.333333333,1
900,신분당선,미금역,동천역,1.056666667,2.723333333,1
901,신분당선,미금역,정자역,2.776666667,1,1
902,신분당선,상현역,광교중앙역,1,1,1
903,신분당선,상현역,성복역,1,1,1
904,신분당선,성복역,상현역,1,1.61,1
905,신분당선,성복역,수지구청역,1.39,1,1
906,신분당선,수지구청역,동천역,2.11,1,1
907,신분당선,수지구청역,성복역,1,1.776666667,1
908,신분당선,신논현역,강남역,1.833333333,1.39,2
909,신분당선,신논현역,논현역,2,1.556666667,2
910,신분당선,신사역,신사역,1,1,2
911,신분당선,양재시민의숲역,양재역,3.61,1.833333333,1
912,신분당선,양재시민의숲역,청계산입구역,2.496666667,2.833333333,1
913,신분당선,양재역,강남역,3.723333333,2.056666667,2
914,신분당선,양재역,양재시민의숲역,2.443333333,2.666666667,2
915,신분당선,정자역,미금역,1.333333333,2.89,1
916,신분당선,정자역,판교역,3.666666667,1,1
917,신분당선,청계산입구역,양재시민의숲역,3.61,1.886666667,1
918,신분당선,청계산입구역,판교역,2.276666667,2.833333333,1
919,신분당선,판교역,정자역,2.333333333,2.833333333,1
920,신분당선,판교역,청계산입구역,3.723333333,1.166666667,1
